"customer_id","customer_name","email","signup_date","country"
"1","Timothy Anderson","sydneybowman@example.com","2024-08-17","Unknown"
"2","Richard Brown","hamiltonalejandro@example.org","2024-08-13","USA"
"3","Stephen Barrett","renee99@example.com","2025-09-06","USA"
"4","Danielle Thompson","dereklambert@example.org","2023-11-14","USA"
"5","Paula Castaneda","carolineroberts@example.org","2023-04-12","USA"
"6","John Thomas","zcampos@example.org","2025-07-09","Australia"
"7","Matthew Black","wjohnson@example.org","2024-04-26","UK"
"8","Justin Walker","judy85@example.com","2024-01-04","Unknown"
"9","Paul Mcbride","kingrobert@example.org","2024-09-19","UK"
"10","Renee Anderson","bennettjoseph@example.com","2025-02-17","UK"
"11","Larry Smith","kentmatthew@example.com","2025-11-29","UK"
"12","Jonathan Cox","dianecox@example.org","2025-02-15","USA"
"13","Joseph Chung","thomas72@example.net","2025-02-13","Germany"
"14","Sara Hill","rhonda08@example.org","2024-06-26","Australia"
"15","Lisa Sanders","daniellewaller@example.net","2025-06-18","Canada"
"16","Brian Martinez","cantudanielle@example.net","2025-02-12","Canada"
"17","Karen Walker","rporter@example.com","2024-08-16","Canada"
"18","Madison Lamb","silvagary@example.net","2024-07-27","Germany"
"19","Andrea Ortiz","banderson@example.org","2023-10-08","UK"
"20","Jennifer Wolf","vfarrell@example.net","2025-04-20","USA"
"21","Charles Gross","lthomas@example.net","2025-08-10","Canada"
"22","Kara Perkins","sean39@example.com","2025-06-03","Australia"
"23","Charlene Morgan","stevenharris@example.org","2023-09-24","USA"
"24","Mr. Roy Guzman","stanley96@example.net","2025-11-25","UK"
"25","Raymond Sanchez","julie31@example.org","2025-10-23","Australia"
"26","Dr. Steven Peters","timothy64@example.com","2023-05-30","Germany"
"27","Jennifer Ball","victoriadennis@example.org","2024-04-29","Germany"
"28","Deanna Davis","jlawrence@example.com","2025-05-08","Australia"
"29","Johnny Cole","achaney@example.net","2023-09-02","Germany"
"30","Debra Pena","wjohnson@example.org","2025-10-19","Canada"
"31","Jesse Stewart","reidjoanne@example.net","2024-01-07","Germany"
"32","Curtis Hamilton","craigdavid@example.net","2024-01-27","USA"
"33","Kevin Newman","ericksonbradley@example.org","2023-09-08","Germany"
"34","Caroline Cruz","xhenry@example.org","2024-11-27","Australia"
"35","Danny Mitchell","adavis@example.org","2024-08-28","Australia"
"36","Kaitlin Larson","leacheric@example.net","2026-01-09","Unknown"
"37","Erica Strickland","palmerrhonda@example.org","2023-10-05","Australia"
"38","Peter Parrish","edwardmiller@example.org","2026-03-03","UK"
"39","Amber Ochoa","oking@example.org","2026-01-01","Germany"
"40","Melanie Richardson","","2023-06-12","UK"
"41","Anthony Young","theodorejohnson@example.org","2025-09-26","Australia"
"42","Zachary Gibson","randall36@example.com","2026-01-16","UK"
"43","Kathryn White","mowens@example.net","2024-11-03","Canada"
"44","Cindy Martinez","adkinsalicia@example.org","2023-10-22","Australia"
"45","David Roth","ohunter@example.net","2024-10-02","USA"
"46","Thomas Price","arodriguez@example.org","2024-10-21","USA"
"47","Matthew Gallegos","michael95@example.net","2026-02-16","UK"
"48","Emily Stafford","tlewis@example.org","2026-02-19","Australia"
"49","Raven Thomas","benjaminwalker@example.org","2023-06-21","Germany"
"50","Lisa Douglas","romankatrina@example.com","2025-07-21","Australia"
"51","Donald Hansen","julia45@example.org","2023-10-06","Germany"
"52","Danielle Lewis","fosterwarren@example.com","2023-08-28","Australia"
"53","James Lopez","daniel05@example.org","2024-05-16","Canada"
"54","Alexa Mahoney","fitzgeraldaaron@example.net","2024-03-20","Canada"
"55","Brian Hernandez","jordan34@example.net","2023-11-11","UK"
"56","Jason Jones","victornorris@example.com","2024-11-06","USA"
"57","Melissa Henry","phillippage@example.org","2025-03-10","USA"
"58","Frank Thomas","joseph61@example.net","2024-07-12","Canada"
"59","Kenneth Fuller","","2025-01-27","USA"
"60","Lauren Herrera","mary14@example.net","2025-10-20","UK"
"61","Benjamin Roberts","downsjason@example.org","2023-12-20","Germany"
"62","Jennifer Mercado","johncox@example.org","2026-03-19","Australia"
"63","Amanda Martinez","robinsonbrandon@example.com","2024-02-22","Germany"
"64","Christopher Shepard","yolanda77@example.org","2025-10-05","USA"
"65","Alice Campbell","angelajames@example.com","2024-07-30","Germany"
"66","James Greer","ssmith@example.net","2023-11-20","USA"
"67","Christine Gallegos","tbaker@example.net","2025-04-05","USA"
"68","Carmen Schroeder","alyssawood@example.com","2023-08-18","Germany"
"69","Tammie Carr","sherrygreen@example.com","2026-01-08","Germany"
"70","Hector Williams","taylorwoods@example.net","2024-05-31","Germany"
"71","Andre Adams","aaronholden@example.org","2023-09-28","USA"
"72","Angela Smith","whitedawn@example.net","2025-06-07","USA"
"73","Debbie Greer","rileydonald@example.net","2025-07-26","Canada"
"74","Michelle Navarro","kevin61@example.org","2025-01-30","Canada"
"75","Zachary Carter","heather21@example.com","2025-03-13","Canada"
"76","Cory Potter","mitchellfrank@example.org","2024-06-16","UK"
"77","Robert Duffy","browncarla@example.com","2023-11-09","UK"
"78","Scott Hernandez","townsendkaren@example.net","2023-04-12","Australia"
"79","Laura Mack","kingkaitlyn@example.com","2023-04-07","Canada"
"80","Nicole Miranda","stephanie50@example.net","2025-01-13","Australia"
"81","Mary Perry","wilkersonchristopher@example.org","2023-06-20","UK"
"82","Greg Tapia","dcarroll@example.net","2023-06-19","Australia"
"83","John Coleman","murraychristopher@example.org","2024-05-16","USA"
"84","Dr. Julie Fischer DVM","nwhite@example.org","2025-09-05","Canada"
"85","Mrs. Shelly Coleman","scott98@example.org","2026-01-31","Canada"
"86","Tiffany Ford","matthewgonzalez@example.net","2023-12-11","Australia"
"87","Kevin Gilbert","joseph91@example.net","2025-10-30","Australia"
"88","Brendan Trujillo","jenniferwheeler@example.com","2024-12-04","Australia"
"89","Courtney Lopez","zromero@example.com","2025-11-06","Canada"
"90","Jay Grant","vanderson@example.net","2024-05-02","UK"
"91","Cheryl Chavez","raykristin@example.org","2024-12-04","UK"
"92","Valerie Swanson","ramosbryce@example.net","2025-09-27","USA"
"93","John Irwin","","2024-07-20","Australia"
"94","Amy Vasquez","diana85@example.com","2023-05-28","Canada"
"95","Vernon White","mariahernandez@example.net","2025-05-22","UK"
"96","Ricky Lewis","philip37@example.net","2024-05-08","UK"
"97","Nicholas Booker","donaldgraves@example.com","2023-12-15","Australia"
"98","Randall Reyes","jconley@example.org","2024-10-04","Australia"
"99","Melissa Brown","","2024-03-15","UK"
"100","Mark Aguilar","leon03@example.net","2024-07-15","Canada"
"101","Tammy Bailey","maureen15@example.org","2023-12-24","Australia"
"102","Dr. Kathy Parsons","amber48@example.net","2023-05-25","Canada"
"103","Michael Sutton","jvasquez@example.com","2023-06-22","UK"
"104","Lindsay Garner","michaelfreeman@example.net","2025-07-14","USA"
"105","Chelsea Ramirez","pwyatt@example.com","2023-07-29","UK"
"106","Cindy Mckenzie","","2023-05-15","Canada"
"107","Nathaniel Vasquez","curtisjackson@example.com","2023-06-08","Germany"
"108","Richard Brown","juliefreeman@example.com","2024-10-12","USA"
"109","Bradley Townsend","sandrafrank@example.net","2023-05-31","Canada"
"110","Angela Summers","martinezjessica@example.org","2024-10-24","Australia"
"111","Nicole Robinson","oclayton@example.net","2023-09-29","USA"
"112","David Williams","rickyscott@example.org","2023-12-05","USA"
"113","Robert Wilson","fgarcia@example.org","2024-11-19","Canada"
"114","Mrs. Kelsey Wilson","jeremiahmccoy@example.org","2023-11-06","Australia"
"115","Marissa Miller","michelle64@example.net","2024-10-20","Australia"
"116","Caitlin Mullins","sandersdan@example.net","2023-10-15","Canada"
"117","Jennifer Acevedo","garciaandrew@example.org","2024-04-19","Canada"
"118","Steven Avila","kroberts@example.com","2023-11-07","Unknown"
"119","Tara Lowe","sierra56@example.net","2023-08-21","Germany"
"120","Joe Mclaughlin","scooke@example.net","2024-03-06","Canada"
"121","Michelle Noble","ian00@example.com","2025-04-08","USA"
"122","Kathryn Jones","monroemichael@example.net","2026-02-24","Germany"
"123","Suzanne Long","pmendez@example.org","2024-03-06","Germany"
"124","Mary Schwartz","rharris@example.net","2024-02-24","Canada"
"125","Krystal Duncan","yatesnicholas@example.com","2023-05-21","Germany"
"126","David Jacobs","pagejason@example.org","2026-01-01","UK"
"127","Sarah Chase","houstonrobert@example.org","2025-05-28","Australia"
"128","Veronica Garcia","heather04@example.org","2026-01-24","Unknown"
"129","Isabel Brown","millermelissa@example.net","2025-07-13","Australia"
"130","Michelle Mckenzie","caldwellbill@example.org","2023-10-19","USA"
"131","James Lopez","gavin37@example.org","2023-05-02","UK"
"132","David Mcdaniel","kellymelissa@example.com","2025-04-04","USA"
"133","Christopher Kim","lcox@example.com","2025-06-13","UK"
"134","Kimberly Hinton","","2024-04-13","Australia"
"135","Marisa Duffy","maureenandrade@example.com","2026-01-15","Canada"
"136","William Huerta","spearslaura@example.org","2025-04-30","UK"
"137","Greg Lee","kaitlyn24@example.org","2025-05-22","USA"
"138","Charlotte Porter","millertracy@example.com","2023-09-24","UK"
"139","Benjamin Hunter","wattsrachel@example.com","2025-07-03","UK"
"140","Joel Quinn","joelferguson@example.org","2025-11-11","Germany"
"141","Nicole Garcia","ortegajames@example.net","2025-01-26","Australia"
"142","Ryan Garcia","jsoto@example.org","2026-03-13","USA"
"143","Jonathan Rodgers","harrisrebecca@example.net","2025-11-12","Australia"
"144","Eric Stevenson","willisbianca@example.com","2025-07-14","Germany"
"145","Ryan Atkins","vanderson@example.com","2025-03-28","Germany"
"146","Pamela Harris","abigail94@example.com","2025-04-12","Canada"
"147","Sarah Wilson","wigginswayne@example.com","2024-04-12","Australia"
"148","Barry Garrett","njones@example.net","2025-02-07","Canada"
"149","Rebecca Garcia","robertholland@example.com","2025-09-19","Canada"
"150","Amanda Mason","deankathleen@example.org","2023-05-31","Germany"
"151","Mark Carlson","austinmurphy@example.org","2023-07-04","Germany"
"152","Amanda Rosales","austinbenjamin@example.net","2025-10-08","Canada"
"153","Michael Henry","thompsonlaura@example.org","2025-01-11","Germany"
"154","Dana Green","barajaseric@example.org","2023-03-25","USA"
"155","Ruth Burns","bryantanita@example.com","2024-05-31","USA"
"156","Shannon Walters","annalane@example.com","2025-12-23","Australia"
"157","Brendan Clark","christian93@example.com","2024-04-06","USA"
"158","Jackie Turner","crystalweber@example.org","2026-02-10","Australia"
"159","Susan Gibson","westregina@example.net","2024-10-27","Germany"
"160","Amber Marsh","mnelson@example.net","2024-11-29","Australia"
"161","Kevin Gilmore","dickersonkevin@example.org","2024-02-01","Germany"
"162","Frank Flores","laura92@example.com","2025-01-21","Germany"
"163","Jessica Hunt","hollowaysandra@example.org","2023-08-18","UK"
"164","Michele Johnson","laurenmartinez@example.net","2024-05-10","Canada"
"165","Robert Townsend","diana59@example.net","2025-07-26","UK"
"166","David Gonzalez","tinaobrien@example.net","2024-02-22","Australia"
"167","Melissa Chambers","lutzjennifer@example.org","2025-05-30","Germany"
"168","Mario Williams","katiemoreno@example.org","2023-12-16","USA"
"169","Julie Hampton","jonathanbrown@example.org","2025-04-05","Germany"
"170","Sarah Stevens","lewisjoshua@example.com","2025-05-16","Germany"
"171","Kaitlin Pham","jessica41@example.com","2024-10-10","USA"
"172","Michael Combs","derrick90@example.org","2023-10-10","Germany"
"173","Ann Smith","james51@example.net","2024-06-11","UK"
"174","Beth Terrell","milesmaria@example.org","2026-01-09","Germany"
"175","April Martinez","katrina80@example.org","2025-02-11","Australia"
"176","Natalie Rodgers","ogallagher@example.net","2025-09-14","UK"
"177","Miranda Anderson","parkerjulie@example.com","2024-07-01","Unknown"
"178","Michael Bowman","garrisonryan@example.net","2023-10-18","Germany"
"179","Robert Lara","bartonlouis@example.org","2025-05-21","Canada"
"180","Paul Rios","fernandezshane@example.org","2023-05-17","Germany"
"181","April Scott","williamsmarie@example.net","2025-05-17","USA"
"182","Tara Perkins","wallacewilliam@example.net","2025-08-11","Germany"
"183","Michelle Mosley","andrewreyes@example.org","2024-07-04","UK"
"184","Melissa Mendoza","juarezdanny@example.com","2024-06-06","Germany"
"185","Nathaniel Carroll","qguzman@example.org","2025-12-14","Germany"
"186","Joseph Espinoza","danielle78@example.net","2024-05-05","USA"
"187","William White","amatthews@example.com","2023-10-02","UK"
"188","Dawn Russell","cooksarah@example.net","2024-10-27","USA"
"189","David Roberts","josephford@example.com","2024-02-12","Canada"
"190","Kyle Thomas","byoung@example.net","2024-03-25","Canada"
"191","Frank Christensen","danielle76@example.net","2025-02-22","Australia"
"192","Laura Garcia","amanda90@example.com","2023-05-03","UK"
"193","Judy Shelton","vwalker@example.com","2024-08-02","Australia"
"194","Gregory Gomez","josephjackson@example.org","2026-02-11","Canada"
"195","Anthony Reynolds","mary84@example.com","2024-03-28","USA"
"196","Sandra Hanna","schwartzemily@example.net","2023-04-09","Germany"
"197","Cindy Franco","smithlisa@example.org","2025-02-01","USA"
"198","Cameron Chan","ncortez@example.org","2023-11-24","Canada"
"199","Chris Smith","ricejoyce@example.com","2025-06-03","Australia"
"200","Christopher Harris","edwardsstacey@example.com","2023-05-07","Australia"
"201","Ms. Kelsey Stanley","katelyn87@example.net","2023-12-31","Germany"
"202","Joshua Haney","caitlincobb@example.net","2025-06-13","UK"
"203","Priscilla Macias","","2025-09-29","Germany"
"204","Brandon Fisher","harrisheather@example.com","2025-05-23","Germany"
"205","John Reyes","austinhodge@example.net","2025-03-23","Australia"
"206","Colin Patton","ruizjohn@example.org","2025-04-14","Australia"
"207","Matthew Haas","ycosta@example.net","2025-04-25","Australia"
"208","Kevin James","duranryan@example.com","2024-09-07","USA"
"209","Jennifer Miranda","tyler46@example.org","2025-01-31","Germany"
"210","Michael Scott","johngallegos@example.com","2025-09-20","UK"
"211","Jamie Williamson","","2024-05-16","Canada"
"212","Pamela Rose","harperwendy@example.net","2026-01-19","UK"
"213","Heidi Greene","arroyowilliam@example.com","2026-02-18","UK"
"214","Joyce Jackson","willie12@example.net","2024-12-08","Canada"
"215","Stacy Noble","huntersarah@example.org","2023-06-12","Germany"
"216","Daniel Jones","ryan86@example.org","2023-10-18","Germany"
"217","Jacob Kaiser","bowersgregory@example.com","2023-11-14","USA"
"218","Zachary Garner DDS","ylawson@example.org","2023-04-18","Canada"
"219","Jennifer Perez","darlene39@example.com","2023-10-26","Germany"
"220","Adam Martinez","harrelleric@example.net","2024-02-19","Australia"
"221","Nathan Dawson","kevinsmith@example.net","2023-03-31","UK"
"222","Megan Luna","moravirginia@example.com","2024-03-02","Canada"
"223","Natasha Morrison","ashleysmith@example.net","2025-10-08","Canada"
"224","Tony Kim DDS","peckmarc@example.com","2023-10-09","UK"
"225","Kevin Marshall","brownandrew@example.net","2025-06-26","Australia"
"226","Robert Brown","brownsamuel@example.org","2023-08-26","Canada"
"227","Elizabeth Scott","jeffreygreen@example.com","2023-08-26","UK"
"228","Jennifer Roberts","","2023-10-06","UK"
"229","Andrew Tanner","","2023-11-30","UK"
"230","Brian Jackson","isabellaallen@example.com","2024-11-10","Germany"
"231","Taylor Edwards","lisa78@example.org","2023-05-05","Unknown"
"232","Andrew Williams","johnsonkelly@example.org","2024-11-29","UK"
"233","Claire Newman","uknapp@example.net","2025-10-13","Germany"
"234","Sean Wilson","ethan32@example.net","2023-11-14","Germany"
"235","Nathan Schroeder","btucker@example.com","2023-08-01","USA"
"236","Randy Barnes","stacieparker@example.org","2025-06-30","UK"
"237","Nathan Beck","lkim@example.net","2025-06-03","Australia"
"238","Tara Dorsey","daniel03@example.com","2025-07-27","Australia"
"239","Stephen Dominguez","washingtonraymond@example.net","2026-02-25","Germany"
"240","Cristina Thompson","danielmay@example.com","2024-06-14","Australia"
"241","Jeremy Wilson","allenanderson@example.net","2023-12-19","Australia"
"242","Dr. Brian Benitez","rhondaarmstrong@example.net","2025-08-17","USA"
"243","Daniel Silva","coryward@example.org","2025-08-10","Canada"
"244","Alexander Terrell","charles99@example.com","2024-04-03","Canada"
"245","Samuel Lane","dsnow@example.org","2024-08-25","USA"
"246","Joshua Wheeler","nataliemontgomery@example.net","2023-10-10","Germany"
"247","Daniel Kelley","marcobridges@example.org","2025-06-09","UK"
"248","Gloria Dodson","kspencer@example.net","2025-05-03","Canada"
"249","Michael Black","angela92@example.org","2024-12-24","Australia"
"250","Kimberly Greene","chines@example.net","2024-05-24","Germany"
"251","Melissa Graham","brian29@example.net","2023-05-23","Canada"
"252","Melissa Ellis","walkerbradley@example.net","2024-03-15","USA"
"253","Patrick Owens","thomasalec@example.net","2026-02-19","Australia"
"254","Kristi Roberts","aaron91@example.com","2025-07-28","UK"
"255","Christopher Johnson","rrichardson@example.com","2023-11-27","UK"
"256","Anthony Duarte","danielle12@example.net","2024-11-14","Australia"
"257","Alexander Diaz","anthonytaylor@example.com","2023-07-29","Australia"
"258","Erica Richardson","","2025-07-13","UK"
"259","Melanie Chen","wendystewart@example.net","2026-01-30","Unknown"
"260","Shawn Smith","gonzalezteresa@example.com","2026-02-04","Australia"
"261","Ashley Mckinney","monique98@example.net","2023-09-30","Unknown"
"262","Gordon Harris","williamsonsarah@example.org","2025-12-19","Australia"
"263","Patrick Sampson","","2024-12-02","Germany"
"264","Tiffany Todd","samantha19@example.org","2025-11-22","UK"
"265","Jose Cruz","erinwallace@example.org","2025-06-23","Germany"
"266","Sara Savage","lhawkins@example.org","2023-12-25","Germany"
"267","Thomas Hudson","rodriguezsherri@example.org","2025-11-12","Canada"
"268","Joy Dunlap","holly67@example.org","2026-01-04","UK"
"269","Michael Berger","virginia75@example.com","2025-10-24","Australia"
"270","Morgan Hurst","","2025-05-08","UK"
"271","Patrick Mitchell","alexandriamaldonado@example.org","2024-05-05","Germany"
"272","Isabel Ochoa","james60@example.org","2024-01-23","USA"
"273","Adam Peterson","andreafox@example.org","2025-11-24","Germany"
"274","Sara Mullen","ggill@example.com","2024-04-27","Australia"
"275","Renee Lopez","wlambert@example.com","2025-08-06","USA"
"276","Cindy Espinoza","vanessabullock@example.com","2023-04-01","UK"
"277","Phillip Aguilar","edwardsmark@example.com","2024-04-24","USA"
"278","Mary Craig","","2025-11-01","Canada"
"279","Gordon Evans","janethomas@example.net","2025-05-12","USA"
"280","Jack Brooks","williamsalexander@example.org","2023-12-07","USA"
"281","Katherine Ford","millertimothy@example.org","2025-09-12","Canada"
"282","Michael Rogers","stacey79@example.com","2026-02-16","Australia"
"283","Gordon Johnston","walterelizabeth@example.com","2025-07-21","Germany"
"284","Tracy Peterson","martinjeffrey@example.org","2025-01-26","Australia"
"285","Kathryn Carter","kreese@example.com","2025-10-08","Australia"
"286","Joshua Bray","brookslee@example.net","2025-05-08","USA"
"287","Jacqueline Cruz","teresa83@example.org","2026-02-25","Germany"
"288","Robert Hayes","nicolerichmond@example.net","2023-07-02","UK"
"289","Katie Garrett","ylee@example.com","2024-02-24","UK"
"290","Stacey Rodriguez","david66@example.net","2024-08-02","Germany"
"291","Julia Santos","paul32@example.net","2025-04-06","Germany"
"292","Craig Gardner","kenneth64@example.com","2023-08-11","Australia"
"293","Jessica Irwin","vrose@example.net","2025-10-11","Canada"
"294","Lisa Palmer","jonathandaugherty@example.com","2025-05-11","Germany"
"295","Shirley Conner","haleycarl@example.com","2026-03-18","USA"
"296","John Fisher","efernandez@example.org","2023-06-14","Germany"
"297","Julie Harris","erik55@example.org","2025-12-31","Canada"
"298","Jason Fitzpatrick","micheleclark@example.com","2025-10-18","Australia"
"299","Sarah Williams","whitney17@example.net","2024-10-05","USA"
"300","Willie Nguyen","myerspaula@example.org","2024-05-12","Australia"
"301","Nicholas White","amanda93@example.com","2025-10-16","Unknown"
"302","Sally Smith","rochatroy@example.com","2024-02-04","Canada"
"303","Christine Mitchell","kathleen68@example.net","2024-01-10","UK"
"304","Tyler Bennett","hbrown@example.net","2024-08-05","USA"
"305","Paul Owens","kenneth50@example.com","2025-11-09","Australia"
"306","Maria Carter","ashley08@example.net","2024-06-16","Germany"
"307","Tina Mccarthy","vanessamaxwell@example.org","2023-07-31","USA"
"308","Micheal Harris","taylorchristina@example.com","2025-03-25","UK"
"309","James Bender","rebecca55@example.com","2025-03-24","Germany"
"310","Brian Thomas","rileybrian@example.org","2025-03-29","USA"
"311","Michael Roy","josephmarshall@example.net","2024-07-09","USA"
"312","Bradley Meyers","","2026-01-25","UK"
"313","Alexis Watkins","robert94@example.org","2026-02-22","Canada"
"314","Elizabeth Soto","cindycontreras@example.net","2026-01-02","Canada"
"315","Donald Daniels","rhondabrown@example.net","2025-12-28","Germany"
"316","Heather Hernandez","upage@example.com","2025-12-30","Australia"
"317","Elaine Griffin","ibruce@example.net","2025-05-07","UK"
"318","Leslie Stein","timothy47@example.net","2023-07-29","Germany"
"319","Jamie Tucker","sharon40@example.com","2025-09-24","Canada"
"320","Linda Dean MD","christina70@example.net","2025-06-29","Australia"
"321","Amber Martinez","wilsonmichaela@example.net","2024-12-24","UK"
"322","Chad Armstrong","jessica73@example.net","2023-06-12","Germany"
"323","Dr. Gregory Smith MD","lowechristopher@example.com","2023-04-21","Germany"
"324","Jacob James","royyoder@example.org","2025-09-02","UK"
"325","Catherine Logan","","2025-06-30","Germany"
"326","Joshua Soto","tammy94@example.org","2024-08-09","USA"
"327","Benjamin Baker","amanda47@example.org","2025-09-02","UK"
"328","Frank Nguyen","justin53@example.net","2025-08-04","UK"
"329","Julia Payne","autumnrichards@example.com","2026-03-10","UK"
"330","Julie Powers","rchurch@example.com","2025-07-08","Canada"
"331","Charles Chavez","phillipsrandy@example.org","2025-06-20","USA"
"332","Debbie Reyes","elizabeth45@example.net","2024-07-03","Australia"
"333","Kayla Casey","juarezkristi@example.org","2025-07-30","UK"
"334","Lucas Gaines","elizabethcarter@example.net","2023-09-21","Canada"
"335","Brandy Johnson","jennifercannon@example.net","2025-11-06","UK"
"336","Daniel Wilson","kcastro@example.com","2023-05-24","Canada"
"337","Steven Powell","donovantheresa@example.org","2023-04-09","Germany"
"338","Roger Jensen","moorelisa@example.net","2023-12-15","UK"
"339","Jessica Riddle","markdavis@example.org","2025-11-11","USA"
"340","James Smith","vferrell@example.com","2026-01-07","Germany"
"341","Christopher Peters","suzannegreen@example.net","2023-10-09","UK"
"342","Barbara Berger","jamesnash@example.net","2024-10-01","UK"
"343","Brian Kent","william77@example.net","2026-03-15","UK"
"344","Deborah Morgan","poperebecca@example.net","2023-09-30","UK"
"345","Jason Robinson","shannon16@example.org","2024-03-30","USA"
"346","Vanessa Clarke","william69@example.org","2026-01-19","UK"
"347","Frances Hall","frodriguez@example.org","2025-04-06","USA"
"348","Laura Munoz","harttammy@example.org","2023-07-20","UK"
"349","Gary Gonzalez","rodriguezjennifer@example.com","2025-06-11","USA"
"350","Kathleen Gray","bbailey@example.com","2025-02-20","Germany"
"351","Rachel Hardin","kimberly45@example.com","2023-09-28","Australia"
"352","Regina Harrison","brandon34@example.com","2024-09-10","Australia"
"353","Alyssa Acosta","crystalcook@example.net","2023-11-01","Canada"
"354","Meagan Phillips","ivan29@example.com","2024-04-23","Germany"
"355","Danielle Black","christopheralexander@example.com","2024-01-23","UK"
"356","Emma Pope","","2024-12-10","Germany"
"357","Robert Burns","vasquezcassandra@example.com","2023-11-18","UK"
"358","Tracey Mitchell","dwaynepollard@example.com","2024-08-21","Australia"
"359","Sarah King","jacobfarley@example.org","2025-08-14","USA"
"360","Allison Nelson","lindsey05@example.com","2023-11-23","USA"
"361","Sara Bush","kempcindy@example.net","2025-04-27","USA"
"362","Benjamin Kelly","holly63@example.org","2026-01-12","Australia"
"363","Katherine Osborne","droberts@example.net","2024-06-20","UK"
"364","Marie Russell","xanderson@example.org","2024-12-06","Australia"
"365","James Manning","jenniferkaufman@example.net","2026-02-26","Australia"
"366","Abigail Ward","bchavez@example.net","2025-09-25","Canada"
"367","Cindy Moore","qgalvan@example.org","2024-11-29","Australia"
"368","Michele Dodson","","2023-11-28","Canada"
"369","Elizabeth Green","huynhhaley@example.com","2025-09-06","Canada"
"370","Christina Case","jenniferwatson@example.org","2023-05-15","Canada"
"371","Eric Harris","","2024-06-04","Canada"
"372","Patrick Reynolds","ashort@example.org","2024-09-10","Unknown"
"373","Hannah Crawford","caitlinwoods@example.net","2026-03-12","Germany"
"374","Shannon Gray","stevenmiller@example.net","2026-02-22","Germany"
"375","Timothy Curry","gortiz@example.org","2023-05-25","Australia"
"376","Mary Davis","myerscandace@example.com","2024-12-18","Australia"
"377","Sarah Roberts","","2025-10-01","Australia"
"378","Lisa Farrell","sherry64@example.net","2025-03-04","USA"
"379","Laura Lyons","schwartzpatricia@example.com","2023-05-11","Germany"
"380","Mark Wiggins","stephen56@example.net","2025-09-05","Germany"
"381","Eric Marshall","joshua97@example.net","2025-02-05","Australia"
"382","Jeffrey Rhodes","kimberlyallen@example.net","2023-04-25","Australia"
"383","Abigail Cameron","madams@example.net","2025-01-12","UK"
"384","Kevin Lopez","jenniferlewis@example.net","2026-02-08","UK"
"385","Laura Villarreal","danielsjesse@example.net","2023-07-18","USA"
"386","Daniel Nguyen","ssexton@example.com","2023-08-09","Australia"
"387","Barbara Gomez","alexandradavis@example.com","2023-12-14","Germany"
"388","Meghan Davis","margaret29@example.com","2025-01-28","Germany"
"389","Karen Nelson","hmanning@example.com","2025-09-02","UK"
"390","Anthony Ballard","pray@example.net","2025-11-24","UK"
"391","Heather Gutierrez","fchen@example.com","2023-08-05","Germany"
"392","Tyler Patrick","vfarrell@example.net","2023-06-18","USA"
"393","Jonathan Wilson","joshua91@example.com","2025-09-14","UK"
"394","Derek Gonzalez","waltersmark@example.org","2025-12-25","Australia"
"395","James White","whutchinson@example.org","2023-04-07","USA"
"396","Todd Patel","gdeleon@example.org","2024-07-15","Germany"
"397","Monique Hood","david60@example.net","2024-05-15","UK"
"398","Alexis Newton","zacharybaxter@example.net","2024-11-09","Australia"
"399","Diane Holland","hooperthomas@example.net","2026-01-15","Germany"
"400","John Owens","nwood@example.net","2023-05-08","Australia"
"401","Zachary Jones","stevenpruitt@example.org","2025-01-27","Australia"
"402","Phillip Chan","scooper@example.com","2025-01-24","Australia"
"403","Bradley Cooke","hawkinschristina@example.com","2023-11-15","Australia"
"404","Rachael Morrow","gordonzachary@example.org","2025-03-29","Australia"
"405","Suzanne Medina","courtney06@example.org","2024-04-01","UK"
"406","Joshua Jones","","2025-02-04","UK"
"407","Diamond Garner","anthonyparker@example.com","2026-02-06","Canada"
"408","Steve Johnson","yryan@example.org","2023-04-26","Germany"
"409","Joanna Wilson MD","watsonnicholas@example.org","2026-01-09","USA"
"410","Carol Mitchell","jpacheco@example.net","2025-03-06","Germany"
"411","Cindy Watkins","alexyang@example.net","2025-05-12","UK"
"412","Charles Barnes","smithcraig@example.com","2024-04-11","Australia"
"413","Brittany Holmes","ryancruz@example.net","2024-12-14","Canada"
"414","Jose Fleming","mary71@example.net","2025-12-13","USA"
"415","Christopher Hamilton","bmitchell@example.org","2025-07-23","Germany"
"416","Elizabeth Vargas","colebenjamin@example.net","2024-03-18","Canada"
"417","Marissa Stephenson","tanya85@example.org","2024-07-04","Germany"
"418","Jeremy Lopez","sarahdavis@example.net","2023-12-17","Australia"
"419","Frank Warren","amber51@example.net","2023-10-05","USA"
"420","Jill Wallace","patrickadkins@example.com","2026-02-27","USA"
"421","Debbie Carrillo","","2025-06-27","Canada"
"422","Brandi Holt","christinemcdonald@example.com","2025-11-29","UK"
"423","Richard Pena","stephanieanderson@example.org","2024-07-30","Unknown"
"424","Willie Hernandez","diamond77@example.net","2025-02-11","Germany"
"425","Thomas Schwartz","tammymurray@example.org","2024-06-25","Australia"
"426","Cynthia Reid DVM","lorihernandez@example.com","2026-01-04","USA"
"427","Kimberly Perry","matthew94@example.net","2024-08-28","Germany"
"428","Nicholas Adkins","","2025-04-17","UK"
"429","Anthony Dean","paul92@example.net","2024-01-14","Germany"
"430","Cory Bailey","kevinprice@example.org","2025-03-22","UK"
"431","Paula White","jennifergalvan@example.com","2025-10-05","Germany"
"432","Ashley West","jessica11@example.net","2023-12-14","USA"
"433","Eric Murphy","wanderson@example.net","2025-03-16","Germany"
"434","Stephen Bennett","nicole09@example.net","2025-07-27","Germany"
"435","Timothy Dixon","lprice@example.net","2023-08-01","Canada"
"436","Debbie Gonzalez","jackhayes@example.com","2023-09-06","Australia"
"437","Samuel Rogers","jenniferjones@example.net","2025-04-18","Canada"
"438","Caitlyn Johnson","guerrarebecca@example.net","2026-01-17","Canada"
"439","Calvin Campbell","elizabethward@example.net","2024-12-25","Canada"
"440","James Carson","smithstanley@example.com","2023-10-31","USA"
"441","Anna Bennett","reginald82@example.net","2025-06-06","Germany"
"442","Tamara Hernandez","allison17@example.com","2023-06-27","Australia"
"443","Kelly Taylor","masonrodney@example.net","2023-05-16","Australia"
"444","Adrian Reyes","rbrooks@example.com","2025-01-24","UK"
"445","Tiffany Palmer","lawrencecatherine@example.net","2024-12-06","Canada"
"446","Adam Adams","colleen72@example.net","2024-10-26","UK"
"447","Matthew Allen","jwoodward@example.com","2025-04-19","UK"
"448","Erik Murphy","ginaatkinson@example.net","2024-07-15","Germany"
"449","Theodore Gould","","2024-11-22","UK"
"450","Scott Craig","hpatel@example.org","2024-10-13","USA"
"451","Joseph Williams","snelson@example.com","2023-04-08","Germany"
"452","Sarah Johnson","mmoran@example.com","2023-11-09","USA"
"453","Alan Evans II","bjohnston@example.org","2026-01-28","Canada"
"454","Cole Harris","evanselizabeth@example.net","2023-05-17","Canada"
"455","Jared English","mariahernandez@example.org","2025-04-25","UK"
"456","Zachary Mueller","greenrobert@example.com","2023-10-18","Canada"
"457","Tracy Fisher","","2026-02-12","Germany"
"458","Ronald Williams","rhowell@example.net","2024-05-07","UK"
"459","Wendy Walker","danny96@example.org","2023-11-01","Germany"
"460","Brittany Vang","jeffrey73@example.com","2025-05-15","USA"
"461","Marcus Martin","wolson@example.net","2025-08-14","USA"
"462","Walter Mills","burnscory@example.net","2023-09-25","Germany"
"463","Suzanne Chase","pearsonlauren@example.net","2025-04-05","Australia"
"464","Thomas Powell","lisabraun@example.com","2023-11-14","Australia"
"465","Wendy Reed","lauren32@example.net","2024-07-16","UK"
"466","Shelly Moore","mendozakaren@example.org","2023-10-18","Germany"
"467","Colin Whitney","rlong@example.com","2024-02-16","USA"
"468","Nicholas Brooks","joshua31@example.net","2024-10-15","UK"
"469","Chelsea Schwartz","chowell@example.net","2025-08-03","Australia"
"470","Ashley Chapman","gsharp@example.org","2023-10-08","Australia"
"471","Darrell Baker","paul13@example.com","2025-07-17","Canada"
"472","Andrew White","diazpatrick@example.org","2025-01-24","Germany"
"473","Lori Watts","donald95@example.net","2024-04-21","Canada"
"474","Steven Santos","bellvictor@example.org","2024-06-02","USA"
"475","Joseph Mitchell","bweaver@example.org","2024-01-07","Australia"
"476","Paula Smith","","2023-05-25","Australia"
"477","Jonathan Neal","omarphelps@example.org","2026-03-01","Canada"
"478","Jennifer Yates","gblackburn@example.org","2025-01-03","Australia"
"479","Mark Macdonald","uturner@example.net","2023-09-11","Germany"
"480","Beth Oconnor","","2023-07-25","Canada"
"481","Dean Oconnell","vroberson@example.net","2024-10-20","Germany"
"482","Monique Meadows","vparsons@example.com","2025-10-20","Germany"
"483","John Phillips","daniel43@example.org","2025-09-07","Australia"
"484","Suzanne Barrett","linda97@example.com","2025-12-03","UK"
"485","Darren Harris","vanessasalas@example.org","2023-06-29","Germany"
"486","Shawn Haynes","ravenhuff@example.org","2025-05-11","Australia"
"487","Melinda Nelson","ijackson@example.org","2025-03-04","Germany"
"488","Tim Rogers","tinabennett@example.com","2024-08-24","USA"
"489","Randall Harris","emeyers@example.org","2023-05-23","USA"
"490","Samantha Jimenez","andersonjennifer@example.com","2025-04-19","UK"
"491","Terry Gregory","hunter95@example.com","2024-09-26","Germany"
"492","Lauren Lane","austinantonio@example.net","2024-11-22","Germany"
"493","Brandon Jacobs","gary74@example.org","2025-09-09","Germany"
"494","Laura Brock","megan37@example.net","2024-10-13","Canada"
"495","Spencer Sherman","sandracruz@example.com","2024-10-16","Canada"
"496","Melissa Perkins","","2025-04-30","UK"
"497","Charles Aguilar","fferrell@example.net","2023-07-31","UK"
"498","Mackenzie Berry","aguilarheidi@example.org","2025-03-06","Canada"
"499","Kayla Collins","obriennicholas@example.net","2025-04-20","Australia"
"500","Sydney Brooks","","2025-01-12","UK"
"501","Christopher Orozco","angela52@example.net","2025-12-06","Australia"
"502","Connor Caldwell","adam94@example.net","2024-10-25","UK"
"503","Shannon Santiago","ahart@example.org","2024-04-22","Canada"
"504","Douglas Thomas","hwallace@example.net","2024-05-02","Germany"
"505","Daniel Smith","elizabeth76@example.com","2024-09-18","Germany"
"506","Kelly Velasquez","wmullen@example.com","2023-12-19","Unknown"
"507","Robert Cherry","christine03@example.net","2025-11-18","Canada"
"508","Mia Jones","gjones@example.org","2025-07-08","Unknown"
"509","Nicholas Kim","catherinedunn@example.com","2024-01-20","Canada"
"510","Amy Martinez","mparker@example.org","2024-04-21","UK"
"511","Raymond Hernandez","bowmanbrenda@example.org","2024-10-05","Australia"
"512","Susan Neal","kellerdonna@example.net","2024-12-26","USA"
"513","Curtis Meyer Jr.","jordanedward@example.com","2023-04-27","Germany"
"514","Tammy Green","ashleyharper@example.org","2024-11-26","USA"
"515","Stephanie Gallagher","owenssue@example.net","2024-12-02","Canada"
"516","Kenneth Smith","jhampton@example.com","2025-06-30","Australia"
"517","Hannah Sims","rodriguezsharon@example.net","2024-05-11","USA"
"518","Jonathan Odom","dereklewis@example.org","2025-10-12","Canada"
"519","Cynthia Briggs","ewilliams@example.com","2024-12-16","Germany"
"520","Amber Jones","jennifer55@example.net","2024-01-23","USA"
"521","Kevin May","ronaldnelson@example.net","2025-12-13","USA"
"522","Timothy Lynch","hbond@example.net","2026-02-27","Canada"
"523","Stephen Espinoza","orodgers@example.org","2023-08-23","UK"
"524","Angel Hicks","sarah80@example.org","2023-08-24","Australia"
"525","Michael Prince","castillobarry@example.net","2025-12-06","Canada"
"526","Jean Kirby","lwelch@example.net","2023-05-14","USA"
"527","Michelle Holt","rachelcrawford@example.com","2024-09-20","USA"
"528","Marcus Hayes","gillespiebethany@example.com","2024-11-19","Germany"
"529","Tyler Bridges","oschultz@example.net","2025-01-25","Germany"
"530","Holly Lane","perezbrandon@example.com","2024-12-14","Germany"
"531","Rebekah Perez","mclaughlindonna@example.com","2025-03-31","UK"
"532","Timothy Hampton","williamperry@example.org","2023-06-18","USA"
"533","Seth Stevens","cgriffin@example.net","2023-06-02","Canada"
"534","Alicia Mcdonald","pbanks@example.org","2023-11-06","USA"
"535","Michael Schultz","haynesrachel@example.com","2024-11-27","Germany"
"536","Gabriel Williams","jsimpson@example.com","2025-07-05","Germany"
"537","Amanda Jackson","lunajulie@example.net","2024-06-26","UK"
"538","Erica Becker","johngriffin@example.com","2025-05-31","USA"
"539","Rachael Foster","mark58@example.com","2024-02-20","UK"
"540","Vanessa Howard","justinmorrison@example.net","2026-01-05","Canada"
"541","Jake Ford","rdean@example.org","2024-07-02","Australia"
"542","Gary Underwood","fwatson@example.org","2024-03-23","Canada"
"543","Mary Price","carla08@example.net","2024-01-29","UK"
"544","John Austin","deborah35@example.org","2025-04-13","USA"
"545","Justin Shaw","monroematthew@example.com","2025-03-06","UK"
"546","Jasmine Ramirez","lisabrown@example.org","2025-11-07","Australia"
"547","Charles Rivera","cooperlisa@example.net","2025-09-24","UK"
"548","Susan Miranda","milleralex@example.org","2025-08-24","USA"
"549","Ann Mcguire","","2025-06-18","Australia"
"550","Jessica Meyer","zhughes@example.net","2025-01-19","UK"
"551","Michael Brooks","william97@example.net","2023-11-24","Canada"
"552","Raymond Carlson","hadams@example.com","2024-10-16","Germany"
"553","Christopher Harris","davidtaylor@example.com","2023-08-14","USA"
"554","Richard Flowers","whitneyvaldez@example.com","2025-11-27","Germany"
"555","Michael White","pinedaanthony@example.net","2025-02-13","UK"
"556","Lindsay Adams","richardcurtis@example.com","2025-02-21","Australia"
"557","Joshua Griffith","stevenward@example.org","2025-02-20","Canada"
"558","Billy Sullivan","oscarnorton@example.net","2024-07-19","Canada"
"559","Christina Gay DDS","hollandtammy@example.com","2025-01-28","USA"
"560","Meghan Williams","colinspencer@example.net","2025-09-13","Canada"
"561","Maria Washington","dalegomez@example.com","2025-03-25","Unknown"
"562","Brittany Kelly","mark82@example.com","2023-06-11","Australia"
"563","Robert Buchanan","amyers@example.org","2024-11-04","USA"
"564","Tyler Perkins","davidhenderson@example.net","2023-07-05","Germany"
"565","Deanna Johnson","luis73@example.net","2024-06-23","Australia"
"566","Valerie Norman","jamie36@example.com","2025-08-15","USA"
"567","Stephanie Parker","yharris@example.net","2026-02-10","UK"
"568","Aaron Sims","joy64@example.net","2025-07-19","Australia"
"569","Christopher Arnold","andrewmorgan@example.net","2024-12-29","Canada"
"570","Barbara Berry","njohnson@example.net","2023-04-22","USA"
"571","Sarah Dixon","victor31@example.org","2025-05-06","UK"
"572","Amy Miranda","cfrost@example.com","2023-12-05","Canada"
"573","Anthony Martinez","lambrhonda@example.net","2024-09-08","UK"
"574","Robert Walker","sheilaware@example.net","2025-06-22","Australia"
"575","John Lopez","michaelmiller@example.org","2024-02-28","Australia"
"576","Jessica Wells","jasonmcgee@example.com","2025-07-28","Canada"
"577","Kathleen Sandoval","josephfields@example.com","2024-08-14","Canada"
"578","Mark Miller","darrell19@example.net","2025-12-27","Australia"
"579","Dennis Mcdaniel","joyfields@example.org","2025-06-04","USA"
"580","Kimberly Watson MD","gibbsjames@example.com","2025-12-07","Unknown"
"581","Olivia White","","2024-03-04","Australia"
"582","Mrs. Renee Hudson","leslie67@example.net","2024-11-24","Australia"
"583","Brandon Moore","jennifergarcia@example.com","2024-05-26","Germany"
"584","Seth Pope","khammond@example.net","2023-04-15","UK"
"585","Vicki Rivera","sarahclark@example.net","2024-12-24","Germany"
"586","Allison Harris","moniquefowler@example.com","2024-11-29","USA"
"587","Janice Williams","hahnelizabeth@example.net","2025-05-02","Germany"
"588","Miguel Mccoy","zavalaerin@example.net","2024-05-01","UK"
"589","Shane Nichols","spencerkristen@example.org","2023-12-09","UK"
"590","Adam Rogers","lauren73@example.org","2023-05-31","UK"
"591","Veronica Ayala MD","dtaylor@example.com","2025-10-20","Canada"
"592","Jacob Castro","david59@example.com","2023-09-25","Canada"
"593","Daniel Mitchell MD","gaguilar@example.net","2024-02-06","Germany"
"594","James Williams","bridgesbradley@example.net","2024-03-22","Canada"
"595","Wendy Bell","jessicaberger@example.net","2024-02-08","UK"
"596","Vanessa Harrison","bethanywilliams@example.com","2023-09-04","Australia"
"597","John Kline","jesse45@example.com","2025-11-02","Germany"
"598","Stacey Perkins","","2024-07-28","Australia"
"599","Lisa Coffey","craigyolanda@example.com","2025-12-06","Australia"
"600","Alexander Gilbert","rebecca46@example.org","2025-11-08","Germany"
"601","Kevin Spencer","ucollins@example.org","2025-01-17","Germany"
"602","Aaron Goodwin","kimjulie@example.com","2023-10-14","Unknown"
"603","Daniel Brewer","myersjoshua@example.org","2024-10-05","UK"
"604","Janet Murillo","phillip03@example.org","2026-01-18","UK"
"605","Richard Johnson","","2025-12-11","Australia"
"606","Lisa Johnston","sharonkhan@example.org","2025-03-01","USA"
"607","Michael Atkins","robert56@example.org","2024-08-10","Australia"
"608","James Leonard","kcamacho@example.net","2023-05-11","Australia"
"609","Robert Peck","dhanna@example.org","2025-03-01","Germany"
"610","David Allen","antonio44@example.net","2026-03-10","Australia"
"611","Jill Brown","mcastillo@example.net","2024-08-02","Canada"
"612","Eric Thompson","jameschristopher@example.net","2023-04-21","USA"
"613","Kylie Kennedy","","2024-01-26","UK"
"614","Brandon Nelson","wrightshannon@example.com","2026-02-05","Canada"
"615","Angela Jones","jmitchell@example.com","2023-06-04","UK"
"616","Tamara Reed","meagan32@example.com","2023-04-12","Germany"
"617","Morgan Armstrong","julia30@example.org","2023-05-09","UK"
"618","Natasha Morse","pittsmelissa@example.net","2025-04-05","Australia"
"619","Fernando Watson","jonesamy@example.com","2024-10-28","UK"
"620","Jordan Doyle","scott71@example.net","2023-11-06","Unknown"
"621","Jamie Wagner","michael20@example.com","2025-01-02","Germany"
"622","Larry Brooks","jamesjonathan@example.com","2023-11-05","USA"
"623","Richard Green MD","qterrell@example.net","2026-01-24","Australia"
"624","Matthew Smith","connieperry@example.com","2023-08-03","Australia"
"625","Maureen Mckenzie","richardneal@example.net","2026-03-19","Australia"
"626","Joshua Newman","rossmitchell@example.org","2025-07-20","Canada"
"627","Sabrina Williams","","2025-07-08","USA"
"628","Jamie Meyer","dvazquez@example.com","2023-07-27","Germany"
"629","Dr. Mark Smith","gwatts@example.org","2024-07-01","Germany"
"630","Juan Valenzuela","amy72@example.com","2023-11-25","Germany"
"631","Leonard Murphy","nathan29@example.org","2024-11-26","USA"
"632","Jeffrey Gomez","rhodesrobin@example.net","2026-01-09","Australia"
"633","Ronald Castro","anthony07@example.com","2023-10-07","Australia"
"634","Stephanie Marsh","xcameron@example.com","2024-08-27","Germany"
"635","Bernard Rasmussen","sampsonbetty@example.com","2024-02-29","UK"
"636","Sylvia Hernandez","kathleenmiddleton@example.org","2023-12-15","UK"
"637","Jennifer Williams","william51@example.org","2025-04-03","Canada"
"638","Kathryn Robbins","katherinerosales@example.org","2024-12-10","UK"
"639","Maria Mills","cathydavis@example.com","2024-08-21","Germany"
"640","Robert White","sarah93@example.net","2025-09-20","UK"
"641","Amanda Patterson","morganlawrence@example.net","2024-07-01","Australia"
"642","Mary Walker","dfry@example.net","2024-11-09","UK"
"643","Melissa Hernandez","duaneorozco@example.com","2023-11-19","UK"
"644","William Blevins","","2023-11-22","USA"
"645","Crystal Fuller","sherry85@example.com","2025-02-23","UK"
"646","Michele Price","fhanna@example.com","2026-01-21","Australia"
"647","Robert Glass Jr.","morganlane@example.com","2023-09-26","UK"
"648","Benjamin Woods","bradshawcharles@example.com","2025-06-19","Australia"
"649","Jennifer Hill","ofuller@example.org","2023-11-22","Australia"
"650","James Rivera","diane41@example.org","2023-04-05","USA"
"651","Ian Malone","dennislaura@example.net","2025-12-25","USA"
"652","Richard Phillips","jason76@example.com","2023-11-08","Australia"
"653","Emily Bright","jason57@example.org","2025-04-17","Germany"
"654","Lisa Green","fpatrick@example.com","2025-12-13","UK"
"655","John Thompson","lisagreen@example.org","2024-02-29","USA"
"656","Alexandria Gomez","pattersonryan@example.net","2024-05-25","USA"
"657","Daniel Graves","miguel48@example.net","2023-12-14","Canada"
"658","Tyler Morrison","bergerpeter@example.com","2023-11-17","Germany"
"659","Larry Nelson","graynicole@example.org","2024-05-02","UK"
"660","Michelle Adams","lawrence02@example.org","2023-06-26","Unknown"
"661","Nathan Collins","pamela67@example.com","2023-05-22","UK"
"662","Bill Palmer","cmclaughlin@example.net","2023-09-14","Australia"
"663","Paul Davis","latasha07@example.net","2023-10-27","Canada"
"664","Jason Benson","qmorales@example.net","2025-06-15","Canada"
"665","Thomas Peterson","jdaniels@example.net","2025-04-11","Germany"
"666","Rodney Hardy","janderson@example.com","2024-01-05","USA"
"667","Lisa Fitzgerald","scott86@example.net","2023-10-09","Australia"
"668","Samuel Shelton","uduran@example.org","2025-01-27","Australia"
"669","Zachary Porter","ikane@example.com","2023-10-28","Germany"
"670","Kimberly Rivera","frostkevin@example.com","2024-11-16","USA"
"671","George Baker","christophermorales@example.net","2024-05-13","UK"
"672","Breanna Davidson","thomas24@example.org","2025-01-27","Unknown"
"673","Diane Barrera","garciaernest@example.org","2023-09-26","UK"
"674","David Pierce","baileylauren@example.org","2025-06-25","Australia"
"675","Ryan Conner","","2025-04-02","Canada"
"676","Jason Lucas","qlang@example.org","2024-01-17","UK"
"677","Kristen Davis","jenniferturner@example.org","2025-01-07","UK"
"678","Kevin Lloyd","mary50@example.net","2025-05-13","UK"
"679","Mrs. Madison Peterson MD","jenniferevans@example.org","2026-03-03","Canada"
"680","Kelly Roth","raymondadams@example.net","2025-12-19","Australia"
"681","Jennifer Flores","padillalouis@example.org","2025-01-05","Germany"
"682","James Williams","morriskayla@example.net","2025-06-11","Canada"
"683","Daniel Wolf","zhansen@example.net","2024-01-04","Australia"
"684","William Gonzalez","dray@example.com","2025-10-29","Germany"
"685","Corey Evans","petersentami@example.com","2025-12-15","Australia"
"686","Deanna Bartlett","juliehayes@example.com","2024-07-24","Australia"
"687","John Rivas","meganbrown@example.com","2023-08-20","Canada"
"688","Justin Hawkins","sandraknox@example.org","2023-11-17","USA"
"689","Tracy Ortega","stephaniewilliams@example.org","2024-02-16","Germany"
"690","Jennifer Alexander","davissharon@example.com","2025-02-19","USA"
"691","Crystal Bradley","derek95@example.com","2024-06-01","Germany"
"692","Christine Ross","garrettjames@example.net","2023-06-25","UK"
"693","Kevin Buchanan","ohardin@example.com","2024-06-12","USA"
"694","Janet Campbell","valeriebradley@example.org","2024-03-04","USA"
"695","Tanya Porter","toddroach@example.net","2024-10-07","Australia"
"696","Paul Mullins","fredcruz@example.com","2024-05-28","USA"
"697","Trevor Morgan","youngsavannah@example.net","2023-03-30","UK"
"698","Mary Davis","batesmichael@example.com","2026-02-28","Germany"
"699","Megan White","patrickmarquez@example.org","2023-08-12","Germany"
"700","Yolanda Cruz","jane02@example.com","2023-06-13","Germany"
"701","Tony James","jorgeanderson@example.com","2025-12-31","Australia"
"702","Justin Smith","patrickthompson@example.net","2025-05-11","USA"
"703","Natasha Brown","antonioheath@example.net","2025-08-25","Australia"
"704","Sue Myers","jennifer28@example.net","2025-01-09","USA"
"705","Jerry Holmes","victoria57@example.net","2023-07-12","Germany"
"706","John Thomas","wwest@example.org","2024-09-21","Australia"
"707","Thomas Baker","brittanystevens@example.com","2025-12-13","Germany"
"708","Lisa Hill","uturner@example.com","2024-08-26","USA"
"709","Michele Reese","","2025-09-23","Australia"
"710","Phyllis Harper","dlamb@example.org","2025-07-30","USA"
"711","Breanna Abbott","fgolden@example.com","2025-11-30","Australia"
"712","Lindsay Howard","","2024-09-09","USA"
"713","Maxwell Delgado","grantwilliam@example.com","2025-11-09","Germany"
"714","Jennifer Curry","abigail92@example.net","2023-05-19","USA"
"715","Ashley Sanders","kyle98@example.com","2023-12-29","Canada"
"716","Kayla Turner","freemancaleb@example.org","2024-07-02","UK"
"717","Johnny Ellis","fkennedy@example.net","2024-08-24","UK"
"718","Monica Williams","dtorres@example.org","2024-01-21","Australia"
"719","Michael Fox","kellypowell@example.com","2023-11-03","USA"
"720","Alicia Wagner","alyssaosborn@example.org","2025-12-07","Canada"
"721","Hector Miller","hernandezkelly@example.com","2024-01-04","Germany"
"722","Tracy Cooper","","2024-06-04","Germany"
"723","Heather Schultz","irice@example.net","2023-06-08","Germany"
"724","Rose White","haroldkelly@example.net","2024-10-19","Canada"
"725","Julie Kaiser","collinpham@example.com","2024-02-07","Canada"
"726","Dylan Weaver","william60@example.com","2023-08-25","Germany"
"727","Mark Morrow","conwayallison@example.com","2025-12-16","Germany"
"728","Mrs. Shannon Ryan MD","dmcguire@example.net","2023-11-22","Canada"
"729","David Strickland","zwang@example.net","2024-08-25","USA"
"730","Benjamin Martin","perezjenna@example.net","2024-07-21","USA"
"731","Tracy Santiago","savagejulie@example.net","2025-04-11","USA"
"732","Darlene Raymond","denise16@example.org","2025-05-17","Australia"
"733","Stephanie Thompson","","2025-08-08","Australia"
"734","Travis Foster DDS","michelethomas@example.com","2023-05-26","Germany"
"735","Charles Brown","michellelee@example.com","2025-11-27","UK"
"736","Laura Roberts","fryemichael@example.net","2025-03-24","Unknown"
"737","Carrie Moore","thenderson@example.com","2025-04-08","USA"
"738","James Simmons","deanchristopher@example.net","2023-12-31","Canada"
"739","Ryan Houston","williamsteele@example.org","2024-08-03","Germany"
"740","Kelly Conley","vwest@example.net","2025-04-29","UK"
"741","Jeffery Bates","christopher42@example.org","2023-11-18","UK"
"742","Lisa Walton","hsharp@example.com","2024-07-03","Germany"
"743","Daniel Garza","carlybailey@example.org","2023-05-28","Germany"
"744","Monica Mitchell","ashley29@example.org","2025-11-20","Canada"
"745","Rebecca Griffith","ashleygonzalez@example.com","2023-10-21","Australia"
"746","Bobby Smith","crystal55@example.net","2024-06-20","USA"
"747","Todd Smith","woodsbilly@example.org","2023-11-24","Australia"
"748","Mark Terry","christianberger@example.org","2024-09-17","Canada"
"749","Vanessa Reeves","shannon68@example.org","2025-07-25","Canada"
"750","Andrea Navarro","steven51@example.net","2025-12-29","UK"
"751","Jenna Garrison","simmonsjennifer@example.com","2024-03-16","Germany"
"752","Rachael Ramos","matthew21@example.net","2024-01-23","UK"
"753","Anthony Molina","newmankevin@example.net","2024-11-10","Germany"
"754","Lori Jackson","iwilliams@example.org","2023-07-11","USA"
"755","Erica Oliver","colemarcus@example.org","2025-02-27","USA"
"756","Terry Hurley","carrie12@example.org","2026-03-10","USA"
"757","Dawn Newton","wkerr@example.net","2023-06-13","Canada"
"758","Jerry Beard","coopermolly@example.net","2026-01-04","Canada"
"759","Edward Chandler","christopher01@example.net","2023-09-08","Australia"
"760","Cynthia Avila","erin25@example.org","2024-02-03","Germany"
"761","Carol Fox","josereed@example.com","2025-03-12","Unknown"
"762","Crystal Crosby","hking@example.net","2024-04-08","USA"
"763","Lisa Lawson","zfields@example.org","2024-06-28","UK"
"764","Benjamin Campos","","2023-08-14","Germany"
"765","Judy Cobb","reedjason@example.net","2025-05-10","USA"
"766","Susan Jackson","tricia85@example.org","2024-04-19","Canada"
"767","Matthew Boyd","kristinsmith@example.org","2025-01-02","UK"
"768","Kevin Vasquez","victorwhite@example.com","2026-03-23","UK"
"769","Jeffrey Gallegos","ahernandez@example.org","2025-01-12","Canada"
"770","Kristen Lee","fpatterson@example.net","2023-05-18","USA"
"771","Jennifer Gonzalez","veronica48@example.org","2024-06-11","USA"
"772","Melissa Beltran","wrightanthony@example.com","2023-12-10","Australia"
"773","Glenn Hoffman","ycantu@example.com","2025-03-25","Canada"
"774","Hannah Hoffman","tuckerjoseph@example.net","2025-03-11","UK"
"775","Samuel Hall","nathan87@example.org","2024-02-20","USA"
"776","Paul Harper","steven74@example.com","2025-05-11","Canada"
"777","Judy Oneal","roselopez@example.org","2023-04-05","Australia"
"778","Michael Brown","zachary54@example.org","2024-06-27","USA"
"779","Robert Fleming DDS","gfisher@example.com","2023-04-08","Australia"
"780","Reginald Taylor","iatkinson@example.com","2025-03-19","UK"
"781","Jill Sharp","","2023-08-24","Canada"
"782","Meghan Thompson","wattstroy@example.net","2025-05-31","Germany"
"783","Jordan Zimmerman","morenojennifer@example.com","2026-02-25","Australia"
"784","Mr. Michael Wheeler","lori54@example.org","2025-01-15","Germany"
"785","Anthony Jackson","luis09@example.net","2025-08-15","Germany"
"786","Robert Jones","joshua21@example.net","2024-07-30","USA"
"787","Kyle Rodriguez","mirandawilliam@example.com","2024-01-28","USA"
"788","Joel Hernandez","amanda78@example.org","2023-10-17","USA"
"789","Carla James","watersdustin@example.com","2023-07-30","Australia"
"790","Oscar Hurst","christopherchavez@example.org","2024-07-06","USA"
"791","Kim Allen","dianeneal@example.net","2023-09-10","Germany"
"792","Aaron Lamb","gabrielrivera@example.com","2024-12-22","Germany"
"793","Scott James","myersrobert@example.net","2024-07-30","Germany"
"794","Stephen Ray","qreyes@example.org","2024-03-03","Canada"
"795","Robert Reed","vstuart@example.org","2023-08-06","Canada"
"796","Kelly Washington","leekevin@example.org","2024-12-17","Canada"
"797","Kimberly Francis","joewilkerson@example.org","2023-06-11","USA"
"798","Deborah Pineda","brianlynn@example.net","2023-07-14","Germany"
"799","Bradley Harris","anthonybarrera@example.org","2024-03-08","Canada"
"800","Bradley Harris","kennethmartin@example.com","2025-11-04","Australia"
"801","Cameron Cook","hmann@example.com","2025-02-06","USA"
"802","Laura Young","marissaharvey@example.org","2025-10-15","Australia"
"803","Cindy Kaiser","woodsdana@example.org","2025-11-05","Germany"
"804","Bethany Hall","","2024-06-19","USA"
"805","Robert Nguyen","pmitchell@example.org","2026-03-13","Canada"
"806","Amy Brown","markgutierrez@example.org","2025-06-02","Germany"
"807","Jennifer Kent","bartonanthony@example.com","2023-11-10","UK"
"808","John Chambers","longglenn@example.net","2024-04-21","Germany"
"809","Jessica Thomas","bradleyaaron@example.com","2024-06-02","USA"
"810","Christopher Cole","eknight@example.com","2026-01-15","Germany"
"811","Kara Reynolds","brownjennifer@example.com","2025-02-08","USA"
"812","Mrs. Melissa Wilkinson DVM","jgallegos@example.org","2024-12-05","Unknown"
"813","Jason Jarvis MD","timothyjohnson@example.org","2024-03-15","Germany"
"814","Megan Caldwell","rcameron@example.com","2024-06-12","UK"
"815","Gregory Jackson","cindyross@example.net","2024-10-02","Australia"
"816","Amber Molina","kristi35@example.net","2025-01-24","Canada"
"817","Jennifer Coffey","karen46@example.com","2025-08-07","Germany"
"818","Heather Campos","marcussutton@example.org","2023-06-16","Germany"
"819","Robert Carson","nscott@example.com","2024-12-13","UK"
"820","Jennifer Garcia","christianschwartz@example.org","2024-02-18","Germany"
"821","Robin Ortiz","wendy01@example.org","2025-04-19","Canada"
"822","Juan Peterson","theresahernandez@example.org","2024-11-19","Australia"
"823","Jasmin Miller","","2023-05-30","Canada"
"824","Kelly Clark","rfischer@example.com","2024-04-01","USA"
"825","Alexandra Williams","ashley34@example.com","2024-11-07","Germany"
"826","Tyler Perkins","ajacobson@example.org","2025-06-05","UK"
"827","Thomas Watson","brooke52@example.org","2024-12-16","Germany"
"828","Mr. John Rodriguez","jrogers@example.net","2025-07-11","Australia"
"829","Terry Alexander","kristenwallace@example.com","2026-01-16","Australia"
"830","Joshua Kim","jrodriguez@example.net","2024-04-07","Germany"
"831","James House","kathleen99@example.net","2024-08-07","UK"
"832","Howard Randolph DDS","catherinehicks@example.com","2024-11-19","Australia"
"833","Sandra Jackson","michael32@example.org","2023-07-28","Canada"
"834","Mr. Richard Stephenson","harrisonchristopher@example.org","2024-08-21","Australia"
"835","Richard Norton","","2024-04-16","Germany"
"836","Evan Stanley","richard56@example.org","2023-11-23","Germany"
"837","Kelly Tate","thomasmatthews@example.com","2023-07-06","Canada"
"838","Steven Cruz","bennettcasey@example.org","2023-12-17","Australia"
"839","Michelle Hayes","thomas82@example.org","2025-11-28","UK"
"840","Julie Johnson","thomas20@example.com","2023-04-10","Australia"
"841","Joseph Williams","craigstevens@example.net","2026-01-06","USA"
"842","Bryan Aguilar","eroy@example.org","2024-09-03","USA"
"843","Taylor Carpenter","raymond30@example.com","2024-09-09","Canada"
"844","Janet Arias","gallegosjessica@example.org","2025-07-28","Canada"
"845","Christina Sampson","lauralara@example.org","2023-11-13","USA"
"846","Elizabeth Martin","tiffanywagner@example.com","2025-12-26","UK"
"847","Krystal Jones","pwells@example.com","2023-08-24","USA"
"848","Scott Patel","","2025-09-10","USA"
"849","Mr. Kevin Gill","cperez@example.com","2023-11-24","Canada"
"850","Brenda Sexton","ashleydavidson@example.com","2023-05-04","UK"
"851","Barbara Gutierrez MD","ralphmeyer@example.org","2023-07-19","Canada"
"852","Gregory Cardenas","ysanders@example.org","2023-03-31","Canada"
"853","Mrs. Sonia Peterson DVM","martin63@example.org","2024-02-28","USA"
"854","Matthew Burke","lucerodennis@example.com","2025-01-09","Germany"
"855","Michael Ryan","tylerlee@example.org","2024-07-11","Canada"
"856","Cindy Solomon","ellisallison@example.com","2024-06-16","USA"
"857","Jason Harris","sarahmonroe@example.net","2023-11-17","Australia"
"858","Christian Thompson","jessica68@example.net","2025-08-03","Germany"
"859","Hannah Parker","harveypamela@example.net","2024-01-01","Germany"
"860","Lisa Hall","kaylaramirez@example.com","2025-11-30","Australia"
"861","Catherine Ortiz","michellecoleman@example.net","2023-10-29","USA"
"862","Brooke Bowman","blakegeorge@example.net","2024-11-28","Australia"
"863","Mary Lee","zacharybrown@example.org","2025-12-01","UK"
"864","Tiffany Sanchez","george32@example.org","2023-07-17","Canada"
"865","Mary Johnson","reeseethan@example.com","2024-10-17","USA"
"866","William Johns","marcus20@example.com","2025-07-05","Australia"
"867","Taylor Clark","martinezdavid@example.net","2025-11-14","Australia"
"868","Kimberly Simmons","millerwilliam@example.com","2026-02-03","Australia"
"869","Michelle Bell","fordwilliam@example.org","2026-02-15","Canada"
"870","Mary Lara","stacey43@example.com","2024-12-29","Canada"
"871","Chad Gray","hjones@example.com","2024-12-16","Australia"
"872","James Hays","bcarlson@example.org","2024-07-03","USA"
"873","Keith Long","jennifer19@example.net","2024-08-29","Germany"
"874","Michael Torres","bradunderwood@example.com","2025-05-05","Germany"
"875","Ronald Moore","jonathan86@example.org","2025-02-18","Germany"
"876","Katelyn Gonzalez","brennanpreston@example.org","2023-12-13","USA"
"877","Allison Estes","ocooper@example.org","2025-05-04","USA"
"878","Cesar Wright","silvabrian@example.net","2024-07-14","Canada"
"879","James Williams","scottpaul@example.com","2024-11-18","Germany"
"880","Matthew Lawson","erikasullivan@example.com","2025-05-18","USA"
"881","Joshua Curtis","ismith@example.net","2025-11-24","UK"
"882","Barbara Hill","zhanson@example.com","2025-11-02","Germany"
"883","Michael Johnson","rubencombs@example.com","2024-09-08","USA"
"884","Mrs. Deborah Levy","hayessamuel@example.org","2024-10-25","Canada"
"885","Steven Nichols","saundersdanielle@example.org","2024-11-25","Germany"
"886","Rebecca Moody","nkramer@example.net","2024-09-18","USA"
"887","Megan Torres","carneydiane@example.org","2023-10-12","Canada"
"888","Allison Williams","oreyes@example.com","2025-11-14","UK"
"889","Angela Owen","rebekah17@example.net","2025-04-27","Germany"
"890","Jennifer Valencia","icole@example.net","2023-06-06","Canada"
"891","Raven Weaver","fowlervanessa@example.org","2024-05-10","Australia"
"892","Anne Bradley","justin93@example.org","2026-02-14","Australia"
"893","Krystal Peterson","dgarner@example.org","2023-09-17","UK"
"894","Rachel Thomas","qcardenas@example.net","2023-10-09","Australia"
"895","Andrea Rowe","sjackson@example.org","2023-10-28","USA"
"896","Gary Miranda","cindytrevino@example.com","2025-03-24","Germany"
"897","Anthony Lee","carrie27@example.com","2024-08-22","Canada"
"898","Kathryn Griffin","whiteandrea@example.org","2024-10-25","Canada"
"899","Laura Young","pattersonkarl@example.com","2023-05-02","Germany"
"900","Carrie Haley DDS","medinamichelle@example.net","2025-08-24","UK"
"901","Patrick Perez","michaelcombs@example.net","2024-03-07","USA"
"902","Robert Chavez","michael03@example.org","2024-02-24","USA"
"903","Diamond Rogers","paulmiller@example.org","2025-07-04","UK"
"904","Deborah Brown","patriciahebert@example.net","2025-07-19","Australia"
"905","Susan Thomas","","2026-01-19","USA"
"906","Wendy Mcgee","stephanie09@example.net","2025-09-19","UK"
"907","Tara Erickson","petersonsherri@example.net","2026-03-05","Germany"
"908","Douglas Little","caseyhernandez@example.org","2023-11-22","Canada"
"909","Michael Fields","gallegosmike@example.org","2025-09-03","UK"
"910","Donald Moore","abigailmendoza@example.org","2025-10-01","Australia"
"911","Judith Dean","nicholas36@example.org","2025-02-13","USA"
"912","Shannon Sanders","","2025-07-21","Germany"
"913","Cheryl Lee","","2023-11-19","Canada"
"914","Kevin Burke","smithdavid@example.net","2026-01-26","Unknown"
"915","Jessica Peters","amandareed@example.org","2024-07-31","Canada"
"916","Richard Burns","catherine79@example.org","2025-05-30","UK"
"917","Elizabeth Fuller","evansjames@example.net","2026-01-01","USA"
"918","Natalie Ballard","lauraknight@example.org","2024-02-29","Canada"
"919","Brent Williams","pamelaprice@example.org","2025-01-25","Canada"
"920","Ashley Morgan","lopezjoseph@example.net","2024-09-04","USA"
"921","James Vazquez","","2024-11-16","Canada"
"922","Cindy Wood","erichardson@example.org","2023-09-11","Germany"
"923","Holly Clay","","2023-10-09","USA"
"924","Mary Martin","woodkarina@example.org","2023-05-16","Canada"
"925","Jamie Miller","kglover@example.org","2025-06-20","USA"
"926","John Sherman","icollins@example.com","2024-07-10","UK"
"927","Ronnie Flores","jessicareynolds@example.com","2023-04-09","Germany"
"928","Lacey Cook","jeremybarnett@example.com","2026-03-04","Canada"
"929","John Wall","smithstephen@example.net","2023-08-05","USA"
"930","Veronica Murphy","ucompton@example.net","2026-02-07","Unknown"
"931","Victor Woodard","zrobertson@example.com","2024-08-09","Canada"
"932","Daniel Martinez","elizabethbush@example.com","2024-01-19","Germany"
"933","James Harvey","gonzalesdaniel@example.net","2025-01-26","Canada"
"934","Nancy Thomas","nicoleedwards@example.org","2024-03-01","USA"
"935","Jose Young","brooke50@example.org","2024-11-10","Germany"
"936","Kevin Jones","qsanchez@example.org","2025-01-22","UK"
"937","Joshua Moore","keaton@example.org","2026-01-01","Australia"
"938","Erika Leach","steven45@example.org","2025-01-17","USA"
"939","Mr. Jeremiah Webb","david23@example.net","2024-11-23","UK"
"940","Ryan Lewis","dmiles@example.net","2025-09-17","Canada"
"941","Nathan Howell","jordanbrittany@example.com","2023-10-07","USA"
"942","Ruth Morgan","coryboyer@example.org","2024-01-04","Canada"
"943","Henry Clay","harrisonjason@example.net","2024-12-16","Germany"
"944","Juan Dunn","mileswilliam@example.org","2023-12-02","USA"
"945","Bryan Hill","amy05@example.org","2025-06-10","Canada"
"946","Ryan Nguyen","cjoyce@example.net","2024-04-20","Germany"
"947","Nicole Baker","rachel72@example.net","2023-12-07","Germany"
"948","Mary Nelson","morganwilson@example.org","2026-01-21","USA"
"949","Joel Richardson","priceemily@example.net","2025-01-26","Unknown"
"950","Jessica Rose","mhernandez@example.net","2023-09-14","Germany"
"951","Danielle Garner","mary33@example.org","2023-10-05","Australia"
"952","John Garcia","christopherfleming@example.net","2024-04-12","Germany"
"953","William Bailey","jeffrey72@example.org","2024-09-10","Australia"
"954","Susan Hamilton","iriggs@example.net","2026-01-30","USA"
"955","David Nielsen","qblevins@example.net","2025-09-15","Canada"
"956","Donna Mcmillan","rebeccaanderson@example.org","2024-10-04","USA"
"957","Lisa Chang","owenmatthew@example.com","2025-06-27","Canada"
"958","Natalie Cooper","kevin31@example.net","2024-07-15","Germany"
"959","David Cruz","carrie91@example.net","2023-07-10","USA"
"960","Vincent Salas","ldaugherty@example.org","2023-04-14","Canada"
"961","Teresa May","janice37@example.com","2025-06-07","USA"
"962","Jonathan Black","vhoward@example.net","2025-05-28","Australia"
"963","Angela Edwards","sydney43@example.com","2024-01-27","UK"
"964","Seth Pugh","wsimon@example.com","2023-06-24","UK"
"965","Laura Cantrell","wmyers@example.com","2025-05-18","USA"
"966","Nicholas Ward","harrisrobert@example.net","2026-03-18","Australia"
"967","William Nguyen","david00@example.net","2024-12-03","Australia"
"968","Monica Kline","dianagibson@example.com","2026-01-16","Australia"
"969","Collin Brown","mcmahonshelley@example.net","2024-07-30","Australia"
"970","Joel Scott","jessicalittle@example.com","2023-05-21","USA"
"971","Nicole Paul","bclark@example.org","2026-01-19","USA"
"972","Jesse Mcbride","kylefranklin@example.net","2024-05-07","USA"
"973","Stephanie Liu","qhughes@example.org","2025-04-28","Unknown"
"974","John Coffey","","2025-07-08","Canada"
"975","Christopher Estes","john51@example.net","2026-02-28","USA"
"976","Angela Keller","daniel51@example.net","2026-01-26","Germany"
"977","Carol Clark","khunter@example.net","2024-05-07","UK"
"978","Lauren Evans","kevin89@example.net","2023-05-04","UK"
"979","Tracy Morales","jhull@example.com","2024-10-03","USA"
"980","Alexander Rivers","parksstephen@example.net","2026-01-02","USA"
"981","Dana Nguyen","tonycoleman@example.net","2024-08-24","Germany"
"982","Nicholas Daniels","melissacruz@example.org","2023-04-01","UK"
"983","Donna Osborn","kathysanchez@example.net","2025-04-26","USA"
"984","Heather Peterson","kwatts@example.org","2023-06-30","UK"
"985","Teresa Cole","fpeters@example.org","2025-10-01","UK"
"986","Christopher Dickerson","bentleysean@example.org","2025-07-14","Canada"
"987","Katelyn Shaw","john82@example.org","2024-10-03","Canada"
"988","Michelle Reyes","tuckerkristine@example.org","2023-09-24","USA"
"989","Ann Bautista","beltranmatthew@example.org","2024-06-12","USA"
"990","Samantha Navarro","ywilkerson@example.com","2025-03-06","Unknown"
"991","Edward Murray","murraymiguel@example.com","2025-09-22","UK"
"992","Gary Jennings","rhodesjimmy@example.org","2025-12-06","Canada"
"993","Barbara Reid","watsontodd@example.net","2024-04-30","Canada"
"994","Sherry Gonzalez","crystalsharp@example.org","2025-12-20","Canada"
"995","Kimberly Shepard","daniel15@example.net","2025-10-01","UK"
"996","Derrick Miller","samuel55@example.org","2023-11-25","Australia"
"997","Cory Frye","ryanjennifer@example.net","2024-11-03","Germany"
"998","Angela Cole","msmith@example.org","2025-05-15","Germany"
"999","Lindsey Mitchell","lharris@example.com","2025-05-01","UK"
"1000","Courtney Robinson","ajohnson@example.net","2023-04-20","Germany"
