"product_id","product_name","category","price"
"1","Side","tech","1722.2"
"2","Provide","furniture","1521.81"
"3","Nature","accessories","1051.41"
"4","Movement","furniture","1606.33"
"5","Stop","accessories","1174.05"
"6","Pattern","furniture","1363.59"
"7","Require","accessories","861.42"
"8","Early","office","1760.92"
"9","Media","furniture","1411.64"
"10","Price","accessories","1723.08"
"11","Move","accessories","344.88"
"12","Including","tech","1894.52"
"13","Very","furniture","786.25"
"14","Surface","tech","424.21"
"15","Cost","tech","1560.66"
"16","Spend","accessories","1686.74"
"17","Land","accessories","214.89"
"18","East","furniture","1407.6"
"19","New","office","1924.4"
"20","Bit","office","619.79"
"21","What","accessories","1299.81"
"22","Usually","office","1365.91"
"23","Foreign","furniture","325.18"
"24","Let","tech","1814.09"
"25","Line","office","696.48"
"26","Low","furniture","1192.3"
"27","Name","office","1837.42"
"28","Knowledge","accessories","272.22"
"29","Specific","office","1716.94"
"30","My","tech","942.43"
"31","Tonight","furniture","372.93"
"32","Action","office","1900.64"
"33","Student","furniture","1664.68"
"34","Section","office","1780.09"
"35","Month","accessories","986.39"
"36","Job","tech","93.3"
"37","Seek","office","1811.43"
"38","Police","accessories","1656.05"
"39","Situation","office","502.98"
"40","Operation","tech","1031.27"
"41","Wife","accessories","1741.52"
"42","Move","accessories","550.03"
"43","Skin","tech","25.38"
"44","Large","accessories","820.54"
"45","Technology","tech","102.8"
"46","Remain","office","1919.97"
"47","Guess","accessories","1245.03"
"48","Economic","office","572.48"
"49","Debate","furniture","1623.81"
"50","Man","accessories","154.21"
"51","Work","accessories","58.03"
"52","Responsibility","accessories","825.08"
"53","Identify","accessories","1922.83"
"54","Kitchen","accessories","855.79"
"55","Capital","tech","1759.74"
"56","Nor","accessories","173.08"
"57","Time","tech","358.86"
"58","Most","tech","1375.94"
"59","Live","accessories","416.94"
"60","Necessary","office","1274.7"
"61","Similar","accessories","1168.38"
"62","According","accessories","572.22"
"63","Budget","office","1089.35"
"64","Sea","tech","834.46"
"65","Campaign","tech","1086.61"
"66","Commercial","accessories","837.66"
"67","Policy","accessories","1446.65"
"68","Work","tech","711.66"
"69","Clearly","office","892.72"
"70","Available","tech","1897.21"
"71","Cell","accessories","1262.64"
"72","Project","office","435.38"
"73","Call","accessories","1392.89"
"74","Back","office","215.42"
"75","Opportunity","accessories","154.94"
"76","Player","office","1084.77"
"77","Food","accessories","970.14"
"78","Nature","office","787.52"
"79","Growth","tech","1914.37"
"80","Against","tech","1372.82"
"81","Grow","accessories","444.37"
"82","College","accessories","526.06"
"83","Character","tech","733.59"
"84","Week","accessories","833.64"
"85","Well","office","1745.28"
"86","Manage","furniture","1522.69"
"87","Sister","accessories","1882.95"
"88","Machine","tech","867.61"
"89","Candidate","furniture","700.56"
"90","Break","tech","1578.45"
"91","Three","office","1159.01"
"92","Front","office","227.52"
"93","Smile","tech","1351.31"
"94","Mother","accessories","1313.76"
"95","Physical","accessories","44.59"
"96","Bed","office","555.75"
"97","Reason","office","650.87"
"98","End","office","1849.99"
"99","Writer","office","1013.13"
"100","Who","furniture","869.22"
"101","Direction","accessories","1494.78"
"102","Box","tech","439.49"
"103","Enter","furniture","1137.74"
"104","Through","accessories","651.69"
"105","Finally","furniture","1014.63"
"106","Senior","furniture","151.9"
"107","Anyone","tech","1515.53"
"108","Some","accessories","955.17"
"109","Need","tech","1183.72"
"110","Federal","accessories","543.59"
"111","Himself","tech","1648.16"
"112","Development","tech","525.19"
"113","Debate","furniture","938.77"
"114","The","furniture","1402.59"
"115","Year","office","332.14"
"116","Option","tech","769.56"
"117","Very","furniture","728.9"
"118","Add","office","1807.34"
"119","Everything","tech","144"
"120","Fall","accessories","1647.43"
"121","Least","accessories","1062.83"
"122","Store","office","307"
"123","Door","accessories","1521"
"124","Choice","tech","585.26"
"125","Listen","office","1937.17"
"126","Article","tech","1473.21"
"127","Report","furniture","1280.43"
"128","Outside","tech","1834.17"
"129","Tough","office","779.66"
"130","Interesting","accessories","867.49"
"131","Similar","accessories","1865.14"
"132","Which","accessories","736.5"
"133","Skill","accessories","703.72"
"134","According","furniture","428.73"
"135","Throughout","office","366.88"
"136","Partner","tech","1339.67"
"137","Vote","accessories","685.26"
"138","Impact","office","174.09"
"139","White","furniture","1818"
"140","Message","office","748.68"
"141","Particularly","furniture","1792.6"
"142","Memory","tech","1876.04"
"143","These","tech","560.04"
"144","Government","accessories","1905.62"
"145","Wonder","furniture","259.95"
"146","Finish","tech","782.03"
"147","Allow","tech","1552.94"
"148","Week","furniture","739.47"
"149","Available","furniture","1448.85"
"150","Organization","office","649.86"
"151","Tonight","furniture","615.17"
"152","General","office","62.79"
"153","Apply","tech","1070.25"
"154","Choose","accessories","1694.1"
"155","Prove","office","934.24"
"156","Through","office","1907.17"
"157","As","tech","1299.21"
"158","Reflect","accessories","288.3"
"159","Environmental","office","98.44"
"160","Door","accessories","1163.81"
"161","Public","office","1585.47"
"162","Later","accessories","519.36"
"163","Large","tech","1319.32"
"164","Meet","tech","1840.9"
"165","Rate","accessories","1818.74"
"166","Always","office","677.15"
"167","Grow","furniture","1098.62"
"168","That","accessories","1305.25"
"169","Across","office","294.42"
"170","Five","tech","169.9"
"171","Build","tech","376.84"
"172","Must","accessories","1001.37"
"173","All","accessories","1839.66"
"174","Her","furniture","1381.26"
"175","Degree","tech","816.44"
"176","Continue","furniture","758.34"
"177","Camera","accessories","1445.58"
"178","Middle","tech","612.22"
"179","Main","furniture","1274.93"
"180","Hotel","tech","867.63"
"181","Account","furniture","446.51"
"182","Improve","tech","1814.41"
"183","Structure","accessories","1922.07"
"184","Image","office","1202.98"
"185","Property","office","119.82"
"186","Believe","furniture","846.64"
"187","Into","tech","545.53"
"188","Person","furniture","1733.64"
"189","Bring","office","1569.95"
"190","Senior","furniture","1888.4"
"191","Design","furniture","1038.52"
"192","Fly","accessories","155.65"
"193","Example","office","495.23"
"194","Order","office","843.23"
"195","Put","furniture","1187.32"
"196","Police","furniture","611.03"
"197","Ball","office","1978.43"
"198","About","tech","1915.77"
"199","Choose","furniture","1206.18"
"200","Across","office","246.88"
